{
  "parent": "item/generated",
  "textures": {
    "layer0": "item/diamond_helmet"
  },
  "overrides": [
    {
      "predicate": { "custom_model_data": 1 },
      "model": "item/casque_cristal_energise"
    },
    {
      "predicate": { "custom_model_data": 2 },
      "model": "item/casque_cryogenique"
    },
    {
      "predicate": { "custom_model_data": 3 },
      "model": "item/casque_des_ombres_lunaires"
    },
    {
      "predicate": { "custom_model_data": 4 },
      "model": "item/casque_de_magma_forge"
    },
    {
      "predicate": { "custom_model_data": 5 },
      "model": "item/casque_luminescent"
    }
  ]
}